word,overall_token_count,overall_doc_count,overall_freq_per_10k_highgap_tokens,mh_token_count,mh_doc_count,mh_freq_per_10k_highgap_tokens,mh_enrichment_ratio
good,4907,3507,2480.036389366219,653.0,426.0,3814.2523364485983,1.5379824073560489
great,1606,1312,811.685029819064,127.0,120.0,741.8224299065421,0.9139289288999094
interesting,1144,999,578.1865965834428,65.0,56.0,379.67289719626166,0.6566615335604918
normal,475,397,240.06873546952392,58.0,56.0,338.7850467289719,1.411200196751853
beginning,544,500,274.94187809562317,56.0,49.0,327.10280373831773,1.1897161902137134
thank,725,643,366.42070150611545,56.0,53.0,327.10280373831773,0.8926973896232383
story,1402,965,708.5818255332053,55.0,45.0,321.2616822429906,0.45338685056138567
due,625,581,315.8799150914788,54.0,50.0,315.4205607476635,0.998545794392528
comfortable,254,236,128.373597493177,33.0,32.0,192.7570093457944,1.5015315696480176
special,407,357,205.701000707571,33.0,29.0,192.7570093457944,0.9370737559992955
tea,358,153,180.93601536439908,32.0,21.0,186.91588785046727,1.0330496527957238
dream,524,281,264.83372081269584,30.0,24.0,175.23364485981307,0.6616742170234647
extra,200,174,101.08157282927321,28.0,22.0,163.55140186915887,1.6180140186854746
option,204,186,103.1032042858587,27.0,23.0,157.71028037383175,1.5296351016990957
grow,233,200,117.76003234610332,26.0,21.0,151.86915887850466,1.2896494324310566
decide,219,209,110.68432224805419,26.0,25.0,151.86915887850466,1.3720927751427994
wonderful,203,187,102.59779642171233,23.0,20.0,134.34579439252337,1.3094413240612535
begin,180,166,90.9734155463459,20.0,19.0,116.82242990654206,1.2841381100695661
fresh,209,180,105.63024360659053,20.0,19.0,116.82242990654206,1.1059562670472463
clothes,285,198,144.04124128171435,15.0,14.0,87.61682242990653,0.6082759468792567
lucky,183,167,92.489639138785,15.0,15.0,87.61682242990653,0.9473149992345209
father,440,270,222.3794602244011,12.0,9.0,70.09345794392523,0.3151975361118305
pace,66,61,33.35691903366016,12.0,11.0,70.09345794392523,2.1013169073586577
breathe,53,48,26.786616799757404,11.0,10.0,64.25233644859813,2.39867307347979
responsible,113,97,57.11108864853937,10.0,10.0,58.41121495327103,1.022764866429177
shop,179,124,90.46800768219954,10.0,4.0,58.41121495327103,0.6456560330013583
wear,268,179,135.44930759122613,10.0,10.0,58.41121495327103,0.43124041010323655
precious,57,52,28.808248256342868,10.0,9.0,58.41121495327103,2.027586489552787
grocery,130,103,65.7030223390276,9.0,9.0,52.57009345794392,0.8001168224329486
assignment,51,36,25.775801071464674,9.0,7.0,52.57009345794392,2.039513468898648
